UserID,Text,Timestamp
user_001,terrified about what might happen,2025-11-30 00:08:09.643443
user_005,"oh great, another problem",2025-11-30 00:08:09.643443
user_007,things are improving,2025-11-30 01:08:09.643443
user_006,thank you so much,2025-11-30 01:08:09.643443
user_008,made progress on my project today,2025-11-30 02:08:09.643443
user_010,feeling grateful for everything,2025-11-30 02:08:09.643443
user_010,not sure how I feel,2025-11-30 03:08:09.643443
user_003,just another day,2025-11-30 03:08:09.643443
user_006,a bit down maybe,2025-11-30 04:08:09.643443
user_005,not sure how I feel,2025-11-30 05:08:09.643443
user_002,made progress on my project today,2025-11-30 05:08:09.643443
user_008,"wonderful, just what I needed",2025-11-30 05:08:09.643443
user_009,terrified about what might happen,2025-11-30 05:08:09.643443
user_007,maybe feeling okay,2025-11-30 06:08:09.643443
user_007,feeling happy today,2025-11-30 07:08:09.643443
user_002,sort of happy I guess,2025-11-30 07:08:09.643443
user_006,disgusted by what happened,2025-11-30 07:08:09.643443
user_006,same as usual,2025-11-30 08:08:09.643443
user_005,worried sick about the results,2025-11-30 08:08:09.643443
user_004,surprised by the outcome,2025-11-30 09:08:09.643443
user_001,things are improving,2025-11-30 09:08:09.643443
user_007,feeling sad,2025-11-30 10:08:09.643443
user_003,feeling grateful for everything,2025-11-30 10:08:09.643443
user_010,maybe feeling okay,2025-11-30 11:08:09.643443
user_004,thx for the help!,2025-11-30 12:08:09.643443
user_009,anxious about tomorrow's meeting,2025-11-30 12:08:09.643443
user_001,"wonderful, just what I needed",2025-11-30 12:08:09.643443
user_001,maybe feeling okay,2025-11-30 12:08:09.643443
user_008,not sure how I feel,2025-11-30 12:08:09.643443
user_006,same as usual,2025-11-30 13:08:09.643443
user_007,laughing out loud at that joke,2025-11-30 13:08:09.643443
user_003,anxious about tomorrow's meeting,2025-11-30 14:08:09.643443
user_008,I am absolutely ecstatic!,2025-11-30 14:08:09.643443
user_004,things are improving,2025-11-30 15:08:09.643443
user_007,"wonderful, just what I needed",2025-11-30 15:08:09.643443
user_003,feeling angry,2025-11-30 15:08:09.643443
user_003,extremely frightened,2025-11-30 16:08:09.643443
user_010,feeling happy today,2025-11-30 16:08:09.643443
user_002,scared about the future,2025-11-30 16:08:09.643443
user_004,worried sick about the results,2025-11-30 16:08:09.643443
user_002,thx for the help!,2025-11-30 16:08:09.643443
user_010,feeling angry,2025-11-30 17:08:09.643443
user_004,laughing out loud at that joke,2025-11-30 17:08:09.643443
user_007,just checking in,2025-11-30 17:08:09.643443
user_005,things are improving,2025-11-30 17:08:09.643443
user_006,same as usual,2025-11-30 17:08:09.643443
user_001,things are improving,2025-11-30 18:08:09.643443
user_005,completely devastated by the news,2025-11-30 18:08:09.643443
user_005,laughing out loud at that joke,2025-11-30 19:08:09.643443
user_002,sort of happy I guess,2025-11-30 19:08:09.643443
user_005,anxious about tomorrow's meeting,2025-11-30 19:08:09.643443
user_006,finally finished my task!,2025-11-30 20:08:09.643443
user_005,completely devastated by the news,2025-11-30 20:08:09.643443
user_002,thank you so much,2025-11-30 20:08:09.643443
user_004,feeling grateful for everything,2025-11-30 20:08:09.643443
user_006,completely heartbroken,2025-11-30 20:08:09.643443
user_007,completely heartbroken,2025-11-30 21:08:09.643443
user_002,completely heartbroken,2025-11-30 21:08:09.643443
user_004,I am absolutely ecstatic!,2025-11-30 21:08:09.643443
user_010,feeling grateful for everything,2025-11-30 22:08:09.643443
user_007,getting through it,2025-11-30 22:08:09.643443
user_010,not sure how I feel,2025-11-30 23:08:09.643443
user_004,feeling sad,2025-11-30 23:08:09.643443
user_005,nothing much happening,2025-11-30 23:08:09.643443
user_002,feeling happy today,2025-11-30 23:08:09.643443
user_008,terrified about what might happen,2025-11-30 23:08:09.643443
user_007,anxious about tomorrow's meeting,2025-11-30 23:08:09.643443
user_003,feeling sad,2025-12-01 00:08:09.643443
user_003,just another day,2025-12-01 00:08:09.643443
user_003,terrified about what might happen,2025-12-01 01:08:09.643443
user_003,not sure how I feel,2025-12-01 01:08:09.643443
user_008,a bit down maybe,2025-12-01 01:08:09.643443
user_001,feeling better now,2025-12-01 02:08:09.643443
user_007,completely heartbroken,2025-12-01 02:08:09.643443
user_004,could be better,2025-12-01 02:08:09.643443
user_004,getting through it,2025-12-01 02:08:09.643443
user_001,completely devastated by the news,2025-12-01 03:08:09.643443
user_004,same as usual,2025-12-01 03:08:09.643443
user_006,surprised by the outcome,2025-12-01 04:08:09.643443
user_001,maybe feeling okay,2025-12-01 04:08:09.643443
user_006,feeling grateful for everything,2025-12-01 04:08:09.643443
user_005,"wonderful, just what I needed",2025-12-01 04:08:09.643443
user_003,surprised by the outcome,2025-12-01 04:08:09.643443
user_001,things are improving,2025-12-01 04:08:09.643443
user_006,feeling better now,2025-12-01 05:08:09.643443
user_008,sort of happy I guess,2025-12-01 05:08:09.643443
user_010,terrified about what might happen,2025-12-01 05:08:09.643443
user_002,completely devastated by the news,2025-12-01 05:08:09.643443
user_008,completely devastated by the news,2025-12-01 05:08:09.643443
user_004,nothing much happening,2025-12-01 06:08:09.643443
user_007,thank you so much,2025-12-01 06:08:09.643443
user_009,haha that's hilarious,2025-12-01 07:08:09.643443
user_006,just another day,2025-12-01 07:08:09.643443
user_003,feeling grateful for everything,2025-12-01 07:08:09.643443
user_007,I am absolutely ecstatic!,2025-12-01 07:08:09.643443
user_005,"oh great, another problem",2025-12-01 08:08:09.643443
user_002,"oh great, another problem",2025-12-01 08:08:09.643443
user_002,scared about the future,2025-12-01 08:08:09.643443
user_007,extremely frightened,2025-12-01 09:08:09.643443
user_002,feeling angry,2025-12-01 09:08:09.643443
user_005,feeling sad,2025-12-01 09:08:09.643443
user_010,completely devastated by the news,2025-12-01 10:08:09.643443
user_002,just another day,2025-12-01 11:08:09.643443
user_004,maybe feeling okay,2025-12-01 11:08:09.643443
user_008,getting through it,2025-12-01 11:08:09.643443
user_010,"wonderful, just what I needed",2025-12-01 12:08:09.643443
user_007,nothing much happening,2025-12-01 13:08:09.643443
user_003,disgusted by what happened,2025-12-01 13:08:09.643443
user_001,worried sick about the results,2025-12-01 13:08:09.643443
user_003,things are improving,2025-12-01 14:08:09.643443
user_004,thank you so much,2025-12-01 14:08:09.643443
user_001,sort of happy I guess,2025-12-01 14:08:09.643443
user_003,could be better,2025-12-01 14:08:09.643443
user_005,scared about the future,2025-12-01 14:08:09.643443
user_005,feeling angry,2025-12-01 15:08:09.643443
user_001,just another day,2025-12-01 15:08:09.643443
user_007,nothing much happening,2025-12-01 15:08:09.643443
user_006,"oh great, another problem",2025-12-01 15:08:09.643443
user_003,terrified about what might happen,2025-12-01 16:08:09.643443
user_006,getting through it,2025-12-01 16:08:09.643443
user_007,surprised by the outcome,2025-12-01 16:08:09.643443
user_005,getting through it,2025-12-01 17:08:09.643443
user_004,same as usual,2025-12-01 18:08:09.643443
user_004,thx for the help!,2025-12-01 19:08:09.643443
user_005,worried sick about the results,2025-12-01 20:08:09.643443
user_005,scared about the future,2025-12-01 20:08:09.643443
user_009,feeling angry,2025-12-01 21:08:09.643443
user_002,feeling happy today,2025-12-01 21:08:09.643443
user_009,maybe feeling okay,2025-12-01 21:08:09.643443
user_006,feeling angry,2025-12-01 21:08:09.643443
user_004,extremely frightened,2025-12-01 21:08:09.643443
user_005,things are improving,2025-12-01 21:08:09.643443
user_008,could be better,2025-12-01 21:08:09.643443
user_007,nothing much happening,2025-12-01 21:08:09.643443
user_006,finally finished my task!,2025-12-01 21:08:09.643443
user_002,nothing much happening,2025-12-01 21:08:09.643443
user_002,disgusted by what happened,2025-12-01 21:08:09.643443
user_006,same as usual,2025-12-01 22:08:09.643443
user_004,"oh great, another problem",2025-12-01 22:08:09.643443
user_005,just another day,2025-12-01 23:08:09.643443
user_002,just checking in,2025-12-01 23:08:09.643443
user_003,made progress on my project today,2025-12-01 23:08:09.643443
user_006,finally finished my task!,2025-12-02 00:08:09.643443
user_009,thx for the help!,2025-12-02 00:08:09.643443
user_003,maybe feeling okay,2025-12-02 01:08:09.643443
user_002,extremely frightened,2025-12-02 01:08:09.643443
user_007,finally finished my task!,2025-12-02 01:08:09.643443
user_010,feeling happy today,2025-12-02 01:08:09.643443
user_003,getting through it,2025-12-02 02:08:09.643443
user_007,same as usual,2025-12-02 02:08:09.643443
user_001,haha that's hilarious,2025-12-02 02:08:09.643443
user_007,surprised by the outcome,2025-12-02 02:08:09.643443
user_009,scared about the future,2025-12-02 03:08:09.643443
user_002,terrified about what might happen,2025-12-02 03:08:09.643443
user_009,scared about the future,2025-12-02 03:08:09.643443
user_003,nothing much happening,2025-12-02 03:08:09.643443
user_003,disgusted by what happened,2025-12-02 03:08:09.643443
user_001,made progress on my project today,2025-12-02 03:08:09.643443
user_010,anxious about tomorrow's meeting,2025-12-02 04:08:09.643443
user_008,extremely frightened,2025-12-02 04:08:09.643443
user_010,feeling happy today,2025-12-02 04:08:09.643443
user_005,same as usual,2025-12-02 05:08:09.643443
user_010,"wonderful, just what I needed",2025-12-02 05:08:09.643443
user_008,feeling sad,2025-12-02 05:08:09.643443
user_002,thank you so much,2025-12-02 05:08:09.643443
user_008,things are improving,2025-12-02 05:08:09.643443
user_009,finally finished my task!,2025-12-02 05:08:09.643443
user_006,sort of happy I guess,2025-12-02 06:08:09.643443
user_001,"wonderful, just what I needed",2025-12-02 06:08:09.643443
user_010,feeling grateful for everything,2025-12-02 07:08:09.643443
user_008,feeling better now,2025-12-02 07:08:09.643443
user_002,anxious about tomorrow's meeting,2025-12-02 08:08:09.643443
user_004,completely devastated by the news,2025-12-02 08:08:09.643443
user_002,finally finished my task!,2025-12-02 08:08:09.643443
user_008,I'm feeling really sad and hopeless,2025-12-02 08:08:09.643443
user_004,feeling grateful for everything,2025-12-02 08:08:09.643443
user_009,thank you so much,2025-12-02 08:08:09.643443
user_010,"wonderful, just what I needed",2025-12-02 09:08:09.643443
user_002,feeling grateful for everything,2025-12-02 09:08:09.643443
user_005,finally finished my task!,2025-12-02 09:08:09.643443
user_003,feeling happy today,2025-12-02 10:08:09.643443
user_010,haha that's hilarious,2025-12-02 10:08:09.643443
user_002,thx for the help!,2025-12-02 11:08:09.643443
user_006,"oh great, another problem",2025-12-02 11:08:09.643443
user_009,same as usual,2025-12-02 12:08:09.643443
user_010,a bit down maybe,2025-12-02 12:08:09.643443
user_009,feeling sad,2025-12-02 12:08:09.643443
user_004,terrified about what might happen,2025-12-02 13:08:09.643443
user_008,feeling grateful for everything,2025-12-02 14:08:09.643443
user_009,scared about the future,2025-12-02 14:08:09.643443
user_008,just checking in,2025-12-02 15:08:09.643443
user_004,completely devastated by the news,2025-12-02 15:08:09.643443
user_003,laughing out loud at that joke,2025-12-02 16:08:09.643443
user_006,anxious about tomorrow's meeting,2025-12-02 16:08:09.643443
user_004,I'm feeling really sad and hopeless,2025-12-02 16:08:09.643443
user_005,I'm feeling really sad and hopeless,2025-12-02 17:08:09.643443
user_005,"wonderful, just what I needed",2025-12-02 17:08:09.643443
user_003,extremely frightened,2025-12-02 17:08:09.643443
user_004,"wonderful, just what I needed",2025-12-02 18:08:09.643443
user_003,just another day,2025-12-02 18:08:09.643443
user_002,feeling sad,2025-12-02 18:08:09.643443
user_009,completely heartbroken,2025-12-02 19:08:09.643443
user_001,"oh great, another problem",2025-12-02 19:08:09.643443
user_004,things are improving,2025-12-02 19:08:09.643443
user_010,terrified about what might happen,2025-12-02 19:08:09.643443
user_003,maybe feeling okay,2025-12-02 20:08:09.643443
user_006,I'm fine,2025-12-02 20:08:09.643443
user_007,"oh great, another problem",2025-12-02 20:08:09.643443
user_009,"oh great, another problem",2025-12-02 21:08:09.643443
user_001,haha that's hilarious,2025-12-02 21:08:09.643443
user_002,scared about the future,2025-12-02 22:08:09.643443
user_001,surprised by the outcome,2025-12-02 22:08:09.643443
user_003,made progress on my project today,2025-12-02 23:08:09.643443
user_008,feeling angry,2025-12-02 23:08:09.643443
user_001,worried sick about the results,2025-12-02 23:08:09.643443
user_005,terrified about what might happen,2025-12-02 23:08:09.643443
user_003,not sure how I feel,2025-12-02 23:08:09.643443
user_004,laughing out loud at that joke,2025-12-03 00:08:09.643443
user_002,just checking in,2025-12-03 00:08:09.643443
user_009,I am absolutely ecstatic!,2025-12-03 00:08:09.643443
user_010,a bit down maybe,2025-12-03 01:08:09.643443
user_009,feeling grateful for everything,2025-12-03 01:08:09.643443
user_008,thank you so much,2025-12-03 01:08:09.643443
user_002,same as usual,2025-12-03 02:08:09.643443
user_002,not sure how I feel,2025-12-03 02:08:09.643443
user_010,finally finished my task!,2025-12-03 02:08:09.643443
user_004,anxious about tomorrow's meeting,2025-12-03 02:08:09.643443
user_009,haha that's hilarious,2025-12-03 02:08:09.643443
user_007,things are improving,2025-12-03 02:08:09.643443
user_006,haha that's hilarious,2025-12-03 03:08:09.643443
user_007,could be better,2025-12-03 03:08:09.643443
user_002,same as usual,2025-12-03 03:08:09.643443
user_003,feeling grateful for everything,2025-12-03 04:08:09.643443
user_004,I'm feeling really sad and hopeless,2025-12-03 04:08:09.643443
user_001,worried sick about the results,2025-12-03 04:08:09.643443
user_008,getting through it,2025-12-03 05:08:09.643443
user_005,I'm fine,2025-12-03 05:08:09.643443
user_010,completely devastated by the news,2025-12-03 06:08:09.643443
user_001,could be better,2025-12-03 06:08:09.643443
user_006,feeling better now,2025-12-03 06:08:09.643443
user_005,finally finished my task!,2025-12-03 06:08:09.643443
user_002,thx for the help!,2025-12-03 07:08:09.643443
user_003,worried sick about the results,2025-12-03 07:08:09.643443
user_003,finally finished my task!,2025-12-03 07:08:09.643443
user_005,thx for the help!,2025-12-03 07:08:09.643443
user_003,scared about the future,2025-12-03 07:08:09.643443
user_005,haha that's hilarious,2025-12-03 08:08:09.643443
user_002,just another day,2025-12-03 08:08:09.643443
user_010,anxious about tomorrow's meeting,2025-12-03 09:08:09.643443
user_010,feeling happy today,2025-12-03 09:08:09.643443
user_008,extremely frightened,2025-12-03 09:08:09.643443
user_004,completely devastated by the news,2025-12-03 09:08:09.643443
user_003,thank you so much,2025-12-03 09:08:09.643443
user_009,"oh great, another problem",2025-12-03 10:08:09.643443
user_007,extremely frightened,2025-12-03 10:08:09.643443
user_010,feeling grateful for everything,2025-12-03 10:08:09.643443
user_007,thx for the help!,2025-12-03 10:08:09.643443
user_008,maybe feeling okay,2025-12-03 10:08:09.643443
user_007,I am absolutely ecstatic!,2025-12-03 10:08:09.643443
user_008,thank you so much,2025-12-03 11:08:09.643443
user_005,"oh great, another problem",2025-12-03 11:08:09.643443
user_006,"wonderful, just what I needed",2025-12-03 11:08:09.643443
user_003,thank you so much,2025-12-03 12:08:09.643443
user_009,completely devastated by the news,2025-12-03 12:08:09.643443
user_006,extremely frightened,2025-12-03 13:08:09.643443
user_009,thx for the help!,2025-12-03 13:08:09.643443
user_006,could be better,2025-12-03 13:08:09.643443
user_007,I am absolutely ecstatic!,2025-12-03 13:08:09.643443
user_006,feeling grateful for everything,2025-12-03 14:08:09.643443
user_010,I am absolutely ecstatic!,2025-12-03 14:08:09.643443
user_007,"oh great, another problem",2025-12-03 14:08:09.643443
user_002,so angry I can't think straight,2025-12-03 15:08:09.643443
user_002,worried sick about the results,2025-12-03 15:08:09.643443
user_006,thank you so much,2025-12-03 15:08:09.643443
user_007,thank you so much,2025-12-03 15:08:09.643443
user_001,just another day,2025-12-03 16:08:09.643443
user_002,terrified about what might happen,2025-12-03 16:08:09.643443
user_004,anxious about tomorrow's meeting,2025-12-03 16:08:09.643443
user_007,finally finished my task!,2025-12-03 16:08:09.643443
user_006,thank you so much,2025-12-03 17:08:09.643443
user_005,completely heartbroken,2025-12-03 17:08:09.643443
user_004,I am absolutely ecstatic!,2025-12-03 18:08:09.643443
user_009,made progress on my project today,2025-12-03 18:08:09.643443
user_002,made progress on my project today,2025-12-03 18:08:09.643443
user_005,I am absolutely ecstatic!,2025-12-03 19:08:09.643443
user_002,disgusted by what happened,2025-12-03 19:08:09.643443
user_006,"wonderful, just what I needed",2025-12-03 19:08:09.643443
user_008,feeling sad,2025-12-03 19:08:09.643443
user_006,same as usual,2025-12-03 20:08:09.643443
user_001,so angry I can't think straight,2025-12-03 21:08:09.643443
user_008,I'm fine,2025-12-03 21:08:09.643443
user_002,anxious about tomorrow's meeting,2025-12-03 21:08:09.643443
user_003,worried sick about the results,2025-12-03 21:08:09.643443
user_010,"oh great, another problem",2025-12-03 22:08:09.643443
user_003,"wonderful, just what I needed",2025-12-03 23:08:09.643443
user_008,getting through it,2025-12-03 23:08:09.643443
user_002,thx for the help!,2025-12-03 23:08:09.643443
user_001,thx for the help!,2025-12-03 23:08:09.643443
user_006,feeling angry,2025-12-04 00:08:09.643443
user_006,feeling angry,2025-12-04 01:08:09.643443
user_004,"wonderful, just what I needed",2025-12-04 02:08:09.643443
user_006,completely devastated by the news,2025-12-04 02:08:09.643443
user_001,not sure how I feel,2025-12-04 02:08:09.643443
user_010,I'm fine,2025-12-04 02:08:09.643443
user_003,getting through it,2025-12-04 02:08:09.643443
user_001,could be better,2025-12-04 02:08:09.643443
user_002,completely devastated by the news,2025-12-04 03:08:09.643443
user_004,completely devastated by the news,2025-12-04 03:08:09.643443
user_006,finally finished my task!,2025-12-04 04:08:09.643443
user_008,feeling better now,2025-12-04 04:08:09.643443
user_001,worried sick about the results,2025-12-04 04:08:09.643443
user_009,feeling angry,2025-12-04 04:08:09.643443
user_001,maybe feeling okay,2025-12-04 05:08:09.643443
user_003,just checking in,2025-12-04 05:08:09.643443
user_008,"oh great, another problem",2025-12-04 05:08:09.643443
user_005,just another day,2025-12-04 05:08:09.643443
user_006,things are improving,2025-12-04 06:08:09.643443
user_008,feeling sad,2025-12-04 07:08:09.643443
user_001,disgusted by what happened,2025-12-04 08:08:09.643443
user_004,feeling better now,2025-12-04 09:08:09.643443
user_007,completely heartbroken,2025-12-04 09:08:09.643443
user_009,terrified about what might happen,2025-12-04 09:08:09.643443
user_009,a bit down maybe,2025-12-04 09:08:09.643443
user_009,laughing out loud at that joke,2025-12-04 10:08:09.643443
user_006,completely devastated by the news,2025-12-04 10:08:09.643443
user_008,I'm feeling really sad and hopeless,2025-12-04 10:08:09.643443
user_006,getting through it,2025-12-04 11:08:09.643443
user_001,surprised by the outcome,2025-12-04 11:08:09.643443
user_005,not sure how I feel,2025-12-04 11:08:09.643443
user_010,feeling happy today,2025-12-04 11:08:09.643443
user_002,scared about the future,2025-12-04 11:08:09.643443
user_009,things are improving,2025-12-04 11:08:09.643443
user_001,same as usual,2025-12-04 12:08:09.643443
user_002,not sure how I feel,2025-12-04 12:08:09.643443
user_003,made progress on my project today,2025-12-04 12:08:09.643443
user_004,completely heartbroken,2025-12-04 13:08:09.643443
user_007,sort of happy I guess,2025-12-04 14:08:09.643443
user_004,thank you so much,2025-12-04 14:08:09.643443
user_008,feeling sad,2025-12-04 15:08:09.643443
user_006,same as usual,2025-12-04 15:08:09.643443
user_002,I am absolutely ecstatic!,2025-12-04 15:08:09.643443
user_009,anxious about tomorrow's meeting,2025-12-04 15:08:09.643443
user_004,so angry I can't think straight,2025-12-04 15:08:09.643443
user_009,same as usual,2025-12-04 16:08:09.643443
user_002,worried sick about the results,2025-12-04 16:08:09.643443
user_010,terrified about what might happen,2025-12-04 17:08:09.643443
user_001,feeling sad,2025-12-04 18:08:09.643443
user_005,I'm fine,2025-12-04 18:08:09.643443
user_010,maybe feeling okay,2025-12-04 18:08:09.643443
user_001,finally finished my task!,2025-12-04 19:08:09.643443
user_005,just checking in,2025-12-04 20:08:09.643443
user_008,I am absolutely ecstatic!,2025-12-04 20:08:09.643443
user_002,feeling better now,2025-12-04 20:08:09.643443
user_003,feeling angry,2025-12-04 20:08:09.643443
user_001,same as usual,2025-12-04 21:08:09.643443
user_003,maybe feeling okay,2025-12-04 21:08:09.643443
user_008,a bit down maybe,2025-12-04 21:08:09.643443
user_010,feeling better now,2025-12-04 21:08:09.643443
user_005,haha that's hilarious,2025-12-04 21:08:09.643443
user_005,scared about the future,2025-12-04 21:08:09.643443
user_003,surprised by the outcome,2025-12-04 22:08:09.643443
user_001,made progress on my project today,2025-12-04 22:08:09.643443
user_010,worried sick about the results,2025-12-04 23:08:09.643443
user_010,"oh great, another problem",2025-12-04 23:08:09.643443
user_009,worried sick about the results,2025-12-04 23:08:09.643443
user_003,getting through it,2025-12-04 23:08:09.643443
user_010,I'm fine,2025-12-05 00:08:09.643443
user_007,thank you so much,2025-12-05 00:08:09.643443
user_008,laughing out loud at that joke,2025-12-05 01:08:09.643443
user_007,feeling sad,2025-12-05 01:08:09.643443
user_009,made progress on my project today,2025-12-05 02:08:09.643443
user_006,thank you so much,2025-12-05 02:08:09.643443
user_009,I'm feeling really sad and hopeless,2025-12-05 02:08:09.643443
user_002,feeling better now,2025-12-05 02:08:09.643443
user_008,extremely frightened,2025-12-05 02:08:09.643443
user_005,completely devastated by the news,2025-12-05 02:08:09.643443
user_002,thx for the help!,2025-12-05 02:08:09.643443
user_010,sort of happy I guess,2025-12-05 03:08:09.643443
user_007,completely devastated by the news,2025-12-05 03:08:09.643443
user_002,feeling sad,2025-12-05 04:08:09.643443
user_007,nothing much happening,2025-12-05 04:08:09.643443
user_009,feeling happy today,2025-12-05 05:08:09.643443
user_008,not sure how I feel,2025-12-05 05:08:09.643443
user_008,sort of happy I guess,2025-12-05 05:08:09.643443
user_006,completely heartbroken,2025-12-05 05:08:09.643443
user_009,haha that's hilarious,2025-12-05 06:08:09.643443
user_005,so angry I can't think straight,2025-12-05 06:08:09.643443
user_008,feeling happy today,2025-12-05 07:08:09.643443
user_008,"wonderful, just what I needed",2025-12-05 08:08:09.643443
user_009,feeling sad,2025-12-05 08:08:09.643443
user_009,getting through it,2025-12-05 08:08:09.643443
user_008,just checking in,2025-12-05 09:08:09.643443
user_006,not sure how I feel,2025-12-05 09:08:09.643443
user_009,could be better,2025-12-05 09:08:09.643443
user_003,not sure how I feel,2025-12-05 09:08:09.643443
user_004,made progress on my project today,2025-12-05 09:08:09.643443
user_007,terrified about what might happen,2025-12-05 10:08:09.643443
user_003,finally finished my task!,2025-12-05 10:08:09.643443
user_005,not sure how I feel,2025-12-05 10:08:09.643443
user_007,haha that's hilarious,2025-12-05 12:08:09.643443
user_002,feeling happy today,2025-12-05 13:08:09.643443
user_001,so angry I can't think straight,2025-12-05 13:08:09.643443
user_009,feeling happy today,2025-12-05 13:08:09.643443
user_003,worried sick about the results,2025-12-05 13:08:09.643443
user_010,just checking in,2025-12-05 13:08:09.643443
user_005,not sure how I feel,2025-12-05 13:08:09.643443
user_005,things are improving,2025-12-05 14:08:09.643443
user_007,maybe feeling okay,2025-12-05 14:08:09.643443
user_001,feeling sad,2025-12-05 14:08:09.643443
user_004,haha that's hilarious,2025-12-05 15:08:09.643443
user_004,anxious about tomorrow's meeting,2025-12-05 15:08:09.643443
user_003,disgusted by what happened,2025-12-05 15:08:09.643443
user_001,extremely frightened,2025-12-05 15:08:09.643443
user_010,feeling grateful for everything,2025-12-05 15:08:09.643443
user_001,haha that's hilarious,2025-12-05 16:08:09.643443
user_009,feeling angry,2025-12-05 16:08:09.643443
user_004,I'm feeling really sad and hopeless,2025-12-05 17:08:09.643443
user_009,thank you so much,2025-12-05 17:08:09.643443
user_007,finally finished my task!,2025-12-05 18:08:09.643443
user_003,laughing out loud at that joke,2025-12-05 18:08:09.643443
user_003,feeling better now,2025-12-05 19:08:09.643443
user_008,feeling better now,2025-12-05 19:08:09.643443
user_010,anxious about tomorrow's meeting,2025-12-05 20:08:09.643443
user_010,maybe feeling okay,2025-12-05 20:08:09.643443
user_010,completely heartbroken,2025-12-05 20:08:09.643443
user_008,feeling sad,2025-12-05 20:08:09.643443
user_008,I'm fine,2025-12-05 21:08:09.643443
user_007,disgusted by what happened,2025-12-05 21:08:09.643443
user_008,things are improving,2025-12-05 21:08:09.643443
user_009,I'm fine,2025-12-05 21:08:09.643443
user_001,anxious about tomorrow's meeting,2025-12-05 22:08:09.643443
user_010,finally finished my task!,2025-12-06 00:08:09.643443
user_003,scared about the future,2025-12-06 00:08:09.643443
user_007,surprised by the outcome,2025-12-06 01:08:09.643443
user_001,feeling sad,2025-12-06 01:08:09.643443
user_008,same as usual,2025-12-06 02:08:09.643443
user_002,worried sick about the results,2025-12-06 02:08:09.643443
user_010,extremely frightened,2025-12-06 03:08:09.643443
user_007,finally finished my task!,2025-12-06 03:08:09.643443
user_006,completely heartbroken,2025-12-06 04:08:09.643443
user_006,things are improving,2025-12-06 05:08:09.643443
user_007,finally finished my task!,2025-12-06 05:08:09.643443
user_005,"wonderful, just what I needed",2025-12-06 05:08:09.643443
user_001,thx for the help!,2025-12-06 05:08:09.643443
user_001,finally finished my task!,2025-12-06 05:08:09.643443
user_006,so angry I can't think straight,2025-12-06 05:08:09.643443
user_006,not sure how I feel,2025-12-06 05:08:09.643443
user_003,disgusted by what happened,2025-12-06 06:08:09.643443
user_008,sort of happy I guess,2025-12-06 06:08:09.643443
user_005,"oh great, another problem",2025-12-06 06:08:09.643443
user_001,thx for the help!,2025-12-06 06:08:09.643443
user_005,"oh great, another problem",2025-12-06 07:08:09.643443
user_007,so angry I can't think straight,2025-12-06 07:08:09.643443
user_004,feeling angry,2025-12-06 07:08:09.643443
user_001,extremely frightened,2025-12-06 08:08:09.643443
user_010,finally finished my task!,2025-12-06 08:08:09.643443
user_003,sort of happy I guess,2025-12-06 08:08:09.643443
user_007,things are improving,2025-12-06 08:08:09.643443
user_005,haha that's hilarious,2025-12-06 09:08:09.643443
user_008,extremely frightened,2025-12-06 09:08:09.643443
user_009,feeling sad,2025-12-06 10:08:09.643443
user_004,thx for the help!,2025-12-06 10:08:09.643443
user_003,haha that's hilarious,2025-12-06 10:08:09.643443
user_005,just checking in,2025-12-06 10:08:09.643443
user_005,feeling grateful for everything,2025-12-06 12:08:09.643443
user_010,haha that's hilarious,2025-12-06 12:08:09.643443
user_008,things are improving,2025-12-06 12:08:09.643443
user_005,"wonderful, just what I needed",2025-12-06 13:08:09.643443
user_008,scared about the future,2025-12-06 13:08:09.643443
user_007,completely heartbroken,2025-12-06 14:08:09.643443
user_010,feeling grateful for everything,2025-12-06 15:08:09.643443
user_003,thank you so much,2025-12-06 15:08:09.643443
user_004,extremely frightened,2025-12-06 15:08:09.643443
user_007,feeling grateful for everything,2025-12-06 16:08:09.643443
user_001,sort of happy I guess,2025-12-06 16:08:09.643443
user_007,"oh great, another problem",2025-12-06 16:08:09.643443
user_006,completely heartbroken,2025-12-06 16:08:09.643443
user_009,disgusted by what happened,2025-12-06 17:08:09.643443
user_002,I'm feeling really sad and hopeless,2025-12-06 17:08:09.643443
user_001,sort of happy I guess,2025-12-06 17:08:09.643443
user_010,just checking in,2025-12-06 17:08:09.643443
user_007,just checking in,2025-12-06 18:08:09.643443
user_010,"oh great, another problem",2025-12-06 18:08:09.643443
user_010,feeling grateful for everything,2025-12-06 18:08:09.643443
user_006,disgusted by what happened,2025-12-06 18:08:09.643443
user_008,disgusted by what happened,2025-12-06 20:08:09.643443
user_002,extremely frightened,2025-12-06 20:08:09.643443
user_007,nothing much happening,2025-12-06 21:08:09.643443
user_006,thx for the help!,2025-12-06 21:08:09.643443
user_001,I'm feeling really sad and hopeless,2025-12-06 21:08:09.643443
user_009,feeling sad,2025-12-06 21:08:09.643443
user_010,disgusted by what happened,2025-12-06 22:08:09.643443
user_004,surprised by the outcome,2025-12-06 22:08:09.643443
user_010,surprised by the outcome,2025-12-06 23:08:09.643443
user_007,feeling grateful for everything,2025-12-06 23:08:09.643443
user_006,just another day,2025-12-06 23:08:09.643443
user_005,could be better,2025-12-06 23:08:09.643443
user_001,getting through it,2025-12-07 00:08:09.643443
user_007,feeling sad,2025-12-07 00:08:09.643443
user_004,anxious about tomorrow's meeting,2025-12-07 00:08:09.643443
